,Sector_score,PARA_A,Score_A,Risk_A,PARA_B,Score_B,Risk_B,TOTAL,numbers,Score_B.1,Risk_C,Money_Value,Score_MV,Risk_D,District_Loss,PROB,RiSk_E,History,Prob,Risk_F,Score,Inherent_Risk,CONTROL_RISK,Detection_Risk,Audit_Risk
0,3.89,1.99,0.4,0.7959999999999999,10.24,0.6,6.144,12.23,5.0,0.2,1.0,20.78,0.6,12.468,2,0.2,0.4,0,0.2,0.0,3.8,20.808000000000003,0.4,0.5,4.1616
1,2.37,1.86,0.4,0.7440000000000001,4.51,0.6,2.7060000000000004,6.37,5.0,0.2,1.0,7.27,0.4,2.908,2,0.2,0.4,0,0.2,0.0,3.6,7.757999999999999,0.4,0.5,1.5516
2,55.57,0.7,0.2,0.14,0.79,0.2,0.158,1.49,5.5,0.4,2.2,1.91,0.2,0.382,2,0.2,0.4,0,0.2,0.0,2.4,3.28,0.4,0.5,0.6559999999999999
3,55.57,0.0,0.2,0.0,0.0,0.2,0.0,0.0,5.0,0.2,1.0,0.02,0.2,0.004,2,0.2,0.4,0,0.2,0.0,2.0,1.404,0.4,0.5,0.2808
4,21.61,0.29,0.2,0.058,0.33,0.2,0.066,0.62,5.0,0.2,1.0,0.0,0.2,0.0,2,0.2,0.4,0,0.2,0.0,2.0,1.524,0.4,0.5,0.3048
5,3.89,4.76,0.6,2.8560000000000003,13.03,0.6,7.818,17.79,5.0,0.2,1.0,0.58,0.2,0.116,2,0.2,0.4,1,0.4,0.4,3.8,12.59,0.8,0.5,5.0360000000000005
6,2.37,2.51,0.6,1.506,8.59,0.6,5.154,11.1,5.5,0.4,2.2,16.03,0.6,9.618,2,0.2,0.4,5,0.6,3.0,4.8,21.878,3.4,0.5,37.1926
7,55.57,0.0,0.2,0.0,0.88,0.2,0.17600000000000002,0.88,5.0,0.2,1.0,0.07,0.2,0.014,2,0.2,0.4,0,0.2,0.0,2.0,1.59,0.4,0.5,0.318
8,2.72,5.45,0.6,3.27,71.09,0.6,42.654,76.54,5.5,0.4,2.2,59.18,0.6,35.508,2,0.2,0.4,0,0.2,0.0,4.4,84.03200000000002,0.4,0.5,16.8064
9,2.37,0.39,0.2,0.078,0.47,0.2,0.094,0.86,5.0,0.2,1.0,0.0,0.2,0.0,2,0.2,0.4,0,0.2,0.0,2.0,1.5719999999999998,0.4,0.5,0.3144
10,55.57,1.63,0.4,0.652,0.0,0.2,0.0,1.63,5.0,0.2,1.0,0.0,0.2,0.0,2,0.2,0.4,0,0.2,0.0,2.2,2.052,0.4,0.5,0.4104
11,3.89,10.96,0.6,6.5760000000000005,41.47,0.6,24.882,52.43,5.0,0.2,1.0,35.21,0.6,21.126,2,0.2,0.4,1,0.4,0.4,4.2,54.38399999999999,0.8,0.5,21.7536
12,3.89,0.0,0.2,0.0,0.05,0.2,0.01,0.05,5.0,0.2,1.0,0.0,0.2,0.0,2,0.2,0.4,0,0.2,0.0,2.0,1.41,0.4,0.5,0.282
13,59.85,0.03,0.2,0.006,0.0,0.2,0.0,0.03,5.0,0.2,1.0,1.55,0.2,0.31,2,0.2,0.4,0,0.2,0.0,2.0,1.716,0.4,0.5,0.3432
14,55.57,1.85,0.4,0.74,4.16,0.6,2.496,6.01,5.0,0.2,1.0,1.65,0.2,0.33,2,0.2,0.4,0,0.2,0.0,3.4,4.966,0.4,0.5,0.9932
15,2.72,2.46,0.6,1.476,6.72,0.4,2.688,9.18,5.0,0.2,1.0,0.0,0.2,0.0,2,0.2,0.4,0,0.2,0.0,3.0,5.564,0.4,0.5,1.1128
16,1.85,0.78,0.2,0.156,0.97,0.2,0.194,1.75,5.0,0.2,1.0,0.97,0.2,0.194,2,0.2,0.4,0,0.2,0.0,2.0,1.944,0.4,0.5,0.3888
17,55.57,0.49,0.2,0.098,4.78,0.6,2.8680000000000003,5.27,5.0,0.2,1.0,0.0,0.2,0.0,2,0.2,0.4,0,0.2,0.0,3.2,4.3660000000000005,0.4,0.5,0.8732
18,2.72,1.56,0.4,0.624,14.64,0.4,5.856,16.2,5.0,0.2,1.0,25.97,0.6,15.582,2,0.2,0.4,0,0.2,0.0,3.2,23.462,0.4,0.5,4.6924
19,55.57,0.0,0.2,0.0,0.0,0.2,0.0,0.0,5.5,0.4,2.2,85.05,0.6,51.03,6,0.2,1.2,0,0.2,0.0,3.2,54.43,1.2,0.5,32.658
20,2.37,3.43,0.6,2.0580000000000003,1.0,0.4,0.4,4.43,5.5,0.4,2.2,49.31,0.6,29.586,2,0.4,0.8,1,0.4,0.4,4.2,35.444,1.2,0.5,21.2664
21,55.57,0.83,0.2,0.166,0.0,0.2,0.0,0.83,5.0,0.2,1.0,0.0,0.2,0.0,2,0.2,0.4,0,0.2,0.0,2.0,1.5659999999999998,0.4,0.5,0.3132
22,1.99,1.1,0.4,0.44,0.0,0.2,0.0,1.1,5.0,0.2,1.0,0.0,0.2,0.0,2,0.2,0.4,0,0.2,0.0,2.2,1.84,0.4,0.5,0.368
23,2.37,1.65,0.4,0.66,0.02,0.2,0.004,1.67,5.0,0.2,1.0,2.47,0.2,0.494,2,0.2,0.4,0,0.2,0.0,2.2,2.5580000000000003,0.4,0.5,0.5116
24,55.57,0.74,0.2,0.14800000000000002,0.0,0.2,0.0,0.74,5.0,0.2,1.0,0.0,0.2,0.0,6,0.2,1.2,0,0.2,0.0,2.4,2.3480000000000003,1.2,0.5,1.4088
25,2.72,3.04,0.6,1.824,67.37,0.6,40.422,70.41,6.5,0.6,3.9,77.47,0.6,46.482,2,0.2,0.4,0,0.2,0.0,4.8,93.028,0.4,0.5,18.6056
26,2.34,0.0,0.2,0.0,0.0,0.2,0.0,0.0,5.0,0.2,1.0,0.0,0.2,0.0,2,0.2,0.4,0,0.2,0.0,2.0,1.4,0.4,0.5,0.28
27,55.57,0.0,0.2,0.0,5.24,0.6,3.144,5.24,5.0,0.2,1.0,0.0,0.2,0.0,2,0.2,0.4,0,0.2,0.0,3.2,4.544,0.4,0.5,0.9088
28,1.85,45.23,0.6,27.138,36.18,0.6,21.708,81.41,5.0,0.2,1.0,0.0,0.2,0.0,6,0.2,1.2,0,0.2,0.0,4.0,51.04600000000001,1.2,0.5,30.6276
29,55.57,0.0,0.2,0.0,1.29,0.4,0.516,1.29,5.0,0.2,1.0,0.0,0.2,0.0,2,0.2,0.4,0,0.2,0.0,2.6,1.916,0.4,0.5,0.3832
30,1.99,0.56,0.2,0.112,0.0,0.2,0.0,0.56,5.0,0.2,1.0,0.0,0.2,0.0,4,0.2,0.8,0,0.2,0.0,2.2,1.912,0.8,0.5,0.7648
31,3.89,0.0,0.2,0.0,3.71,0.2,0.742,3.71,5.0,0.2,1.0,29.63,0.6,17.778,2,0.2,0.4,0,0.2,0.0,2.4,19.92,0.4,0.5,3.984
32,3.89,4.95,0.6,2.97,42.61,0.6,25.566,47.56,5.0,0.2,1.0,3.46,0.2,0.6920000000000001,6,0.2,1.2,1,0.4,0.4,4.2,31.828000000000007,1.6,0.5,25.4624
33,1.85,0.88,0.2,0.17600000000000002,1.5,0.4,0.6,2.38,5.0,0.2,1.0,0.19,0.2,0.038,2,0.2,0.4,0,0.2,0.0,2.6,2.214,0.4,0.5,0.4428
34,2.37,3.81,0.6,2.286,11.52,0.6,6.912000000000001,15.33,5.0,0.2,1.0,3.25,0.2,0.65,4,0.2,0.8,0,0.2,0.0,3.8,11.648,0.8,0.5,4.6592
35,1.85,8.25,0.6,4.95,1.59,0.4,0.636,9.84,5.0,0.2,1.0,0.02,0.2,0.004,2,0.2,0.4,0,0.2,0.0,3.0,6.99,0.4,0.5,1.398
36,59.85,0.0,0.2,0.0,0.0,0.2,0.0,0.0,5.0,0.2,1.0,0.0,0.2,0.0,2,0.2,0.4,0,0.2,0.0,2.0,1.4,0.4,0.5,0.28
37,2.37,0.0,0.2,0.0,0.0,0.2,0.0,0.0,5.0,0.2,1.0,0.0,0.2,0.0,2,0.2,0.4,0,0.2,0.0,2.0,1.4,0.4,0.5,0.28
38,1.85,7.37,0.6,4.422,1.64,0.4,0.6559999999999999,9.01,5.0,0.2,1.0,0.08,0.2,0.016,2,0.2,0.4,0,0.2,0.0,3.0,6.494,0.4,0.5,1.2988
39,21.61,0.37,0.2,0.07400000000000001,0.46,0.2,0.092,0.83,5.0,0.2,1.0,0.0,0.2,0.0,2,0.2,0.4,0,0.2,0.0,2.0,1.5659999999999998,0.4,0.5,0.3132
40,2.72,3.11,0.6,1.866,113.97,0.6,68.382,117.08,5.5,0.4,2.2,26.64,0.6,15.984000000000002,2,0.2,0.4,0,0.2,0.0,4.4,88.83200000000002,0.4,0.5,17.7664
41,1.85,0.44,0.2,0.08800000000000001,0.62,0.2,0.124,1.06,5.0,0.2,1.0,0.64,0.2,0.128,2,0.2,0.4,0,0.2,0.0,2.0,1.74,0.4,0.5,0.348
42,55.57,0.0,0.2,0.0,3.3,0.6,1.98,3.3,5.0,0.2,1.0,0.0,0.2,0.0,2,0.2,0.4,0,0.2,0.0,3.2,3.38,0.4,0.5,0.6759999999999999
43,1.85,2.81,0.6,1.686,0.41,0.2,0.08199999999999999,3.22,5.0,0.2,1.0,0.0,0.2,0.0,2,0.2,0.4,0,0.2,0.0,2.4,3.168,0.4,0.5,0.6336
44,3.89,12.27,0.6,7.362,72.46,0.6,43.476000000000006,84.73,5.0,0.2,1.0,5.69,0.4,2.276,2,0.2,0.4,0,0.2,0.0,3.8,54.514,0.4,0.5,10.9028
45,2.37,0.44,0.2,0.08800000000000001,0.02,0.2,0.004,0.46,5.0,0.2,1.0,27.1,0.6,16.26,6,0.2,1.2,0,0.2,0.0,2.8,18.552,1.2,0.5,11.1312
46,2.37,0.81,0.2,0.162,4.6,0.6,2.76,5.41,5.0,0.2,1.0,1.82,0.2,0.364,2,0.2,0.4,0,0.2,0.0,3.2,4.686,0.4,0.5,0.9372
47,1.99,0.96,0.2,0.192,0.0,0.2,0.0,0.96,5.0,0.2,1.0,9.45,0.4,3.78,2,0.2,0.4,0,0.2,0.0,2.2,5.372000000000001,0.4,0.5,1.0744
48,2.72,0.77,0.2,0.154,0.0,0.2,0.0,0.77,5.0,0.2,1.0,4.6,0.2,0.92,2,0.2,0.4,0,0.2,0.0,2.0,2.474,0.4,0.5,0.4948
49,1.99,1.12,0.4,0.448,0.0,0.2,0.0,1.12,5.0,0.2,1.0,0.05,0.2,0.01,2,0.2,0.4,0,0.2,0.0,2.2,1.858,0.4,0.5,0.3716
50,3.89,2.4,0.6,1.44,16.63,0.6,9.978,19.03,5.0,0.2,1.0,1.16,0.2,0.232,2,0.2,0.4,0,0.2,0.0,3.6,13.05,0.4,0.5,2.61
51,2.37,0.02,0.2,0.004,0.87,0.2,0.174,0.89,5.0,0.2,1.0,0.04,0.2,0.008,2,0.2,0.4,0,0.2,0.0,2.0,1.586,0.4,0.5,0.3172
52,3.41,1.41,0.4,0.564,36.16,0.6,21.696,37.57,5.0,0.2,1.0,13.05,0.6,7.83,2,0.6,1.2,0,0.2,0.0,4.2,32.29,1.2,0.5,19.374
53,59.85,0.04,0.2,0.008,0.0,0.2,0.0,0.04,5.0,0.2,1.0,0.22,0.2,0.044,2,0.2,0.4,0,0.2,0.0,2.0,1.452,0.4,0.5,0.2904
54,21.61,0.0,0.2,0.0,0.0,0.2,0.0,0.0,5.0,0.2,1.0,0.03,0.2,0.006,2,0.2,0.4,0,0.2,0.0,2.0,1.406,0.4,0.5,0.2812
55,2.72,7.43,0.6,4.458,79.5,0.6,47.7,86.93,5.0,0.2,1.0,102.39,0.6,61.434,2,0.2,0.4,0,0.2,0.0,4.0,114.992,0.4,0.5,22.9984
56,3.89,0.94,0.2,0.188,0.01,0.2,0.002,0.95,5.0,0.2,1.0,0.1,0.2,0.02,2,0.2,0.4,0,0.2,0.0,2.0,1.61,0.4,0.5,0.322
57,55.57,0.32,0.2,0.064,0.17,0.2,0.034,0.49,5.0,0.2,1.0,0.0,0.2,0.0,2,0.2,0.4,0,0.2,0.0,2.0,1.4980000000000002,0.4,0.5,0.2996
58,55.57,2.3,0.6,1.38,0.0,0.2,0.0,2.3,5.0,0.2,1.0,0.0,0.2,0.0,2,0.2,0.4,0,0.2,0.0,2.4,2.78,0.4,0.5,0.556
59,1.99,1.53,0.4,0.612,0.0,0.2,0.0,1.53,5.0,0.2,1.0,0.03,0.2,0.006,4,0.2,0.8,0,0.2,0.0,2.4,2.418,0.8,0.5,0.9672
60,3.41,3.21,0.6,1.926,72.07,0.6,43.242,75.28,5.0,0.2,1.0,13.79,0.6,8.274,6,0.2,1.2,1,0.4,0.4,4.6,56.042,1.6,0.5,44.8336
61,55.57,0.78,0.2,0.156,0.0,0.2,0.0,0.78,5.0,0.2,1.0,0.0,0.2,0.0,2,0.2,0.4,0,0.2,0.0,2.0,1.556,0.4,0.5,0.3112
62,3.89,7.97,0.6,4.782,17.18,0.6,10.308,25.15,5.0,0.2,1.0,935.03,0.6,561.018,2,0.2,0.4,0,0.2,0.0,4.0,577.508,0.4,0.5,115.5016
63,3.89,12.7,0.6,7.62,1.28,0.2,0.256,13.98,5.0,0.2,1.0,11.69,0.6,7.0139999999999985,2,0.2,0.4,0,0.2,0.0,2.8,16.29,0.4,0.5,3.258
64,55.57,0.0,0.2,0.0,0.81,0.2,0.162,0.81,5.0,0.2,1.0,0.0,0.2,0.0,2,0.2,0.4,0,0.2,0.0,2.0,1.5619999999999998,0.4,0.5,0.3124
65,59.85,0.21,0.2,0.042,0.0,0.2,0.0,0.21,5.0,0.2,1.0,0.33,0.2,0.066,4,0.2,0.8,0,0.2,0.0,2.2,1.908,0.8,0.5,0.7632
66,55.57,0.0,0.2,0.0,1.96,0.4,0.784,1.96,5.0,0.2,1.0,0.4,0.2,0.08,2,0.2,0.4,0,0.2,0.0,2.6,2.264,0.4,0.5,0.4528
67,59.85,0.29,0.2,0.058,0.0,0.2,0.0,0.29,5.0,0.2,1.0,0.04,0.2,0.008,2,0.2,0.4,0,0.2,0.0,2.0,1.466,0.4,0.5,0.2932
68,55.57,0.0,0.2,0.0,0.0,0.2,0.0,0.0,5.0,0.2,1.0,0.0,0.2,0.0,2,0.2,0.4,0,0.2,0.0,2.0,1.4,0.4,0.5,0.28
69,21.61,0.8,0.2,0.16,0.82,0.2,0.16399999999999998,1.62,5.0,0.2,1.0,1.32,0.2,0.264,2,0.2,0.4,0,0.2,0.0,2.0,1.988,0.4,0.5,0.3976
70,3.89,8.46,0.6,5.0760000000000005,72.76,0.6,43.65600000000001,81.22,5.0,0.2,1.0,1.4,0.2,0.28,2,0.4,0.8,2,0.6,1.2,4.2,52.012,2.0,0.5,52.012
71,55.57,0.49,0.2,0.098,0.28,0.2,0.056,0.77,5.0,0.2,1.0,0.07,0.2,0.014,2,0.2,0.4,0,0.2,0.0,2.0,1.568,0.4,0.5,0.3136
72,1.99,1.34,0.4,0.536,0.0,0.2,0.0,1.34,5.0,0.2,1.0,0.0,0.2,0.0,2,0.2,0.4,0,0.2,0.0,2.2,1.936,0.4,0.5,0.3872
73,2.37,1.66,0.4,0.664,0.83,0.2,0.166,2.49,5.0,0.2,1.0,0.31,0.2,0.062,6,0.2,1.2,0,0.2,0.0,2.6,3.092,1.2,0.5,1.8552
74,2.72,3.51,0.6,2.106,52.89,0.6,31.734,56.4,5.0,0.2,1.0,4.26,0.2,0.852,2,0.2,0.4,0,0.2,0.0,3.6,36.092,0.4,0.5,7.2184
75,21.61,0.61,0.2,0.122,0.63,0.2,0.126,1.24,5.0,0.2,1.0,0.0,0.2,0.0,2,0.2,0.4,0,0.2,0.0,2.0,1.648,0.4,0.5,0.3296
76,55.57,0.49,0.2,0.098,0.55,0.2,0.11,1.04,5.0,0.2,1.0,0.0,0.2,0.0,2,0.2,0.4,0,0.2,0.0,2.0,1.608,0.4,0.5,0.3216
77,3.41,4.13,0.6,2.478,16.74,0.6,10.044,20.87,5.0,0.2,1.0,44.02,0.6,26.412,2,0.2,0.4,0,0.2,0.0,4.0,40.334,0.4,0.5,8.0668
78,2.72,4.28,0.6,2.568,1264.63,0.6,758.778,1268.91,5.5,0.4,2.2,58.86,0.6,35.316,6,0.2,1.2,2,0.6,1.2,5.2,801.262,2.4,0.5,961.5144
79,1.85,0.73,0.2,0.146,1.24,0.4,0.496,1.97,5.0,0.2,1.0,0.2,0.2,0.04,2,0.2,0.4,0,0.2,0.0,2.6,2.082,0.4,0.5,0.4164
80,21.61,0.28,0.2,0.056,0.16,0.2,0.032,0.44,5.0,0.2,1.0,0.0,0.2,0.0,2,0.2,0.4,0,0.2,0.0,2.0,1.4880000000000002,0.4,0.5,0.2976
81,3.89,4.18,0.6,2.508,4.83,0.2,0.966,9.01,5.5,0.4,2.2,14.03,0.6,8.418,2,0.2,0.4,0,0.2,0.0,3.2,14.492,0.4,0.5,2.8984
82,2.37,2.22,0.6,1.332,3.4,0.6,2.04,5.62,5.0,0.2,1.0,26.28,0.6,15.768,2,0.2,0.4,1,0.4,0.4,4.2,20.94,0.8,0.5,8.376
83,2.37,2.29,0.6,1.374,2.64,0.6,1.584,4.93,5.0,0.2,1.0,3.08,0.2,0.616,2,0.2,0.4,0,0.2,0.0,3.6,4.974,0.4,0.5,0.9948
84,3.41,1.05,0.4,0.42,0.0,0.2,0.0,1.05,5.0,0.2,1.0,0.0,0.2,0.0,2,0.2,0.4,0,0.2,0.0,2.2,1.82,0.4,0.5,0.364
85,3.89,0.74,0.2,0.14800000000000002,1.0,0.2,0.2,1.74,5.0,0.2,1.0,0.0,0.2,0.0,2,0.2,0.4,0,0.2,0.0,2.0,1.7480000000000002,0.4,0.5,0.3496
86,55.57,1.06,0.4,0.424,1.6,0.4,0.64,2.66,5.0,0.2,1.0,16.09,0.6,9.654,2,0.2,0.4,0,0.2,0.0,3.2,12.118,0.4,0.5,2.4236
87,59.85,0.0,0.2,0.0,0.0,0.2,0.0,0.0,5.0,0.2,1.0,0.0,0.2,0.0,2,0.2,0.4,0,0.2,0.0,2.0,1.4,0.4,0.5,0.28
88,1.99,1.19,0.4,0.476,0.0,0.2,0.0,1.19,5.0,0.2,1.0,29.76,0.6,17.855999999999995,2,0.2,0.4,0,0.2,0.0,2.6,19.732,0.4,0.5,3.9464
89,1.85,0.6,0.2,0.12,1.14,0.4,0.456,1.74,5.0,0.2,1.0,0.43,0.2,0.086,2,0.2,0.4,0,0.2,0.0,2.6,2.062,0.4,0.5,0.4124
90,3.41,0.83,0.2,0.166,28.06,0.6,16.836,28.89,5.0,0.2,1.0,13.31,0.6,7.9860000000000015,2,0.2,0.4,0,0.2,0.0,3.6,26.388,0.4,0.5,5.2776
91,55.57,0.49,0.2,0.098,0.0,0.2,0.0,0.49,5.0,0.2,1.0,0.02,0.2,0.004,2,0.2,0.4,0,0.2,0.0,2.0,1.5019999999999998,0.4,0.5,0.3004
92,3.41,5.61,0.6,3.366,1.56,0.2,0.312,7.17,5.0,0.2,1.0,4.03,0.2,0.8059999999999999,2,0.2,0.4,0,0.2,0.0,2.4,5.884,0.4,0.5,1.1768
93,3.89,14.04,0.6,8.424,10.83,0.6,6.497999999999998,24.87,5.0,0.2,1.0,8.91,0.4,3.564,2,0.2,0.4,0,0.2,0.0,3.8,19.886,0.4,0.5,3.9772
94,2.72,0.0,0.2,0.0,0.0,0.2,0.0,0.0,5.0,0.2,1.0,0.0,0.2,0.0,2,0.2,0.4,0,0.2,0.0,2.0,1.4,0.4,0.5,0.28
95,1.99,1.62,0.4,0.648,0.0,0.2,0.0,1.62,5.0,0.2,1.0,0.0,0.2,0.0,6,0.2,1.2,0,0.2,0.0,2.6,2.8480000000000003,1.2,0.5,1.7088
96,3.41,2.7,0.6,1.62,45.16,0.6,27.096,47.86,5.0,0.2,1.0,37.79,0.6,22.674,2,0.2,0.4,0,0.2,0.0,4.0,52.79,0.4,0.5,10.558
97,1.99,1.65,0.4,0.66,0.0,0.2,0.0,1.65,5.0,0.2,1.0,0.01,0.2,0.002,2,0.2,0.4,0,0.2,0.0,2.2,2.062,0.4,0.5,0.4124
98,3.89,0.02,0.2,0.004,5.94,0.4,2.376,5.96,5.0,0.2,1.0,0.01,0.2,0.002,2,0.2,0.4,0,0.2,0.0,2.6,3.782,0.4,0.5,0.7564
99,55.57,0.84,0.2,0.168,0.0,0.2,0.0,0.84,5.0,0.2,1.0,0.0,0.2,0.0,2,0.2,0.4,0,0.2,0.0,2.0,1.568,0.4,0.5,0.3136
100,3.89,1.97,0.4,0.7879999999999999,2.1,0.2,0.42,4.07,5.0,0.2,1.0,12.29,0.6,7.374,2,0.6,1.2,0,0.2,0.0,3.0,10.782,1.2,0.5,6.4692
101,2.37,1.0,0.4,0.4,1.1,0.4,0.44,2.1,5.0,0.2,1.0,0.0,0.2,0.0,2,0.2,0.4,0,0.2,0.0,2.8,2.24,0.4,0.5,0.448
102,55.57,0.26,0.2,0.052000000000000005,0.0021,0.2,0.00042,0.2621,5.0,0.2,1.0,0.0,0.2,0.0,2,0.2,0.4,0,0.2,0.0,2.0,1.45242,0.4,0.5,0.290484
103,3.41,12.29,0.6,7.374,25.74,0.6,15.444,38.03,5.0,0.2,1.0,22.1,0.6,13.26,2,0.4,0.8,0,0.2,0.0,4.2,37.878,0.8,0.5,15.1512
104,59.85,0.01,0.2,0.002,0.11,0.2,0.022,0.12,5.0,0.2,1.0,1.03,0.2,0.206,2,0.2,0.4,0,0.2,0.0,2.0,1.63,0.4,0.5,0.326
105,55.57,1.27,0.4,0.508,2.0,0.6,1.2,3.27,5.0,0.2,1.0,0.18,0.2,0.036000000000000004,2,0.2,0.4,0,0.2,0.0,3.4,3.144,0.4,0.5,0.6288
106,2.37,3.35,0.6,2.01,0.99,0.2,0.198,4.34,5.0,0.2,1.0,0.12,0.2,0.024,2,0.2,0.4,0,0.2,0.0,2.4,3.632,0.4,0.5,0.7264
107,1.85,2.46,0.6,1.476,0.37,0.2,0.07400000000000001,2.83,5.0,0.2,1.0,0.0,0.2,0.0,2,0.2,0.4,0,0.2,0.0,2.4,2.95,0.4,0.5,0.59
108,1.99,0.58,0.2,0.116,0.0,0.2,0.0,0.58,5.0,0.2,1.0,0.0,0.2,0.0,2,0.2,0.4,0,0.2,0.0,2.0,1.516,0.4,0.5,0.3032
109,55.57,0.2,0.2,0.04,0.0,0.2,0.0,0.2,5.0,0.2,1.0,0.0,0.2,0.0,2,0.2,0.4,0,0.2,0.0,2.0,1.44,0.4,0.5,0.28800000000000003
110,1.85,7.01,0.6,4.206,1.12,0.4,0.448,8.13,5.0,0.2,1.0,0.1,0.2,0.02,2,0.2,0.4,0,0.2,0.0,3.0,6.074,0.4,0.5,1.2148
111,55.57,0.21,0.2,0.042,0.0,0.2,0.0,0.21,5.0,0.2,1.0,0.0,0.2,0.0,2,0.2,0.4,0,0.2,0.0,2.0,1.442,0.4,0.5,0.2884
112,2.72,1.75,0.4,0.7,0.57,0.2,0.114,2.32,5.0,0.2,1.0,0.0,0.2,0.0,4,0.2,0.8,0,0.2,0.0,2.4,2.614,0.8,0.5,1.0456
113,1.85,0.01,0.2,0.002,0.91,0.2,0.182,0.92,5.0,0.2,1.0,0.0,0.2,0.0,2,0.2,0.4,0,0.2,0.0,2.0,1.584,0.4,0.5,0.3168
114,55.57,1.26,0.4,0.504,0.0,0.2,0.0,1.26,5.0,0.2,1.0,0.0,0.2,0.0,2,0.2,0.4,0,0.2,0.0,2.2,1.904,0.4,0.5,0.3808
115,3.41,12.28,0.6,7.3679999999999986,20.62,0.6,12.372,32.9,5.0,0.2,1.0,10.16,0.6,6.096,2,0.2,0.4,1,0.4,0.4,4.2,27.636,0.8,0.5,11.0544
116,55.57,0.73,0.2,0.146,0.0,0.2,0.0,0.73,5.0,0.2,1.0,0.0,0.2,0.0,2,0.2,0.4,0,0.2,0.0,2.0,1.546,0.4,0.5,0.3092
117,3.89,0.0,0.2,0.0,4.83,0.2,0.966,4.83,5.0,0.2,1.0,0.94,0.2,0.188,2,0.2,0.4,0,0.2,0.0,2.0,2.5540000000000003,0.4,0.5,0.5108
118,2.72,1.6,0.4,0.64,0.0,0.2,0.0,1.6,5.0,0.2,1.0,0.06,0.2,0.012,2,0.2,0.4,0,0.2,0.0,2.2,2.052,0.4,0.5,0.4104
119,55.57,0.0,0.2,0.0,0.0,0.2,0.0,0.0,5.0,0.2,1.0,0.0,0.2,0.0,2,0.2,0.4,0,0.2,0.0,2.0,1.4,0.4,0.5,0.28
120,1.85,11.24,0.6,6.744,9.49,0.6,5.694,20.73,5.5,0.4,2.2,173.02,0.6,103.812,2,0.2,0.4,0,0.2,0.0,4.4,118.85,0.4,0.5,23.77
121,2.72,3.48,0.6,2.088,17.85,0.6,10.71,21.33,5.0,0.2,1.0,9.53,0.4,3.812,2,0.2,0.4,0,0.2,0.0,3.8,18.01,0.4,0.5,3.602
122,2.37,0.39,0.2,0.078,0.14,0.2,0.028,0.53,5.0,0.2,1.0,0.58,0.2,0.116,2,0.2,0.4,0,0.2,0.0,2.0,1.622,0.4,0.5,0.3244
123,2.37,0.47,0.2,0.094,0.29,0.2,0.058,0.76,5.0,0.2,1.0,0.07,0.2,0.014,2,0.2,0.4,0,0.2,0.0,2.0,1.5659999999999998,0.4,0.5,0.3132
124,55.57,0.68,0.2,0.136,0.0,0.2,0.0,0.68,5.0,0.2,1.0,0.0,0.2,0.0,4,0.2,0.8,0,0.2,0.0,2.2,1.936,0.8,0.5,0.7744
125,59.85,0.06,0.2,0.012,0.0,0.2,0.0,0.06,5.0,0.2,1.0,0.0,0.2,0.0,2,0.2,0.4,0,0.2,0.0,2.0,1.412,0.4,0.5,0.2824
126,1.85,0.56,0.2,0.112,72.0,0.6,43.2,72.56,5.0,0.2,1.0,0.51,0.2,0.102,2,0.2,0.4,0,0.2,0.0,3.2,44.81399999999999,0.4,0.5,8.9628
127,2.72,3.5,0.6,2.1,16.09,0.6,9.654,19.59,5.0,0.2,1.0,5.03,0.4,2.012,2,0.2,0.4,0,0.2,0.0,3.8,15.166,0.4,0.5,3.0332
128,55.57,0.17,0.2,0.034,0.0,0.2,0.0,0.17,5.0,0.2,1.0,0.0,0.2,0.0,2,0.2,0.4,0,0.2,0.0,2.0,1.4340000000000002,0.4,0.5,0.2868
129,55.57,2.42,0.6,1.452,3.53,0.6,2.1180000000000003,5.95,5.0,0.2,1.0,6.31,0.4,2.524,2,0.2,0.4,0,0.2,0.0,3.8,7.494,0.4,0.5,1.4988
130,55.57,0.29,0.2,0.058,0.39,0.2,0.078,0.68,5.5,0.4,2.2,0.05,0.2,0.01,2,0.2,0.4,0,0.2,0.0,2.4,2.7460000000000004,0.4,0.5,0.5492
131,21.61,0.43,0.2,0.086,0.0,0.2,0.0,0.43,5.0,0.2,1.0,0.0,0.2,0.0,2,0.2,0.4,0,0.2,0.0,2.0,1.486,0.4,0.5,0.2972
132,55.57,0.09,0.2,0.018000000000000002,0.0,0.2,0.0,0.09,5.0,0.2,1.0,0.0,0.2,0.0,2,0.2,0.4,0,0.2,0.0,2.0,1.418,0.4,0.5,0.2836
133,55.57,0.0,0.2,0.0,11.68,0.6,7.007999999999999,11.68,5.0,0.2,1.0,0.0,0.2,0.0,2,0.2,0.4,0,0.2,0.0,3.2,8.408,0.4,0.5,1.6816
134,3.41,12.17,0.6,7.302,47.0,0.6,28.2,59.17,6.0,0.6,3.6,10.14,0.6,6.084,2,0.2,0.4,0,0.2,0.0,4.8,45.58600000000001,0.4,0.5,9.1172
135,21.61,0.0,0.2,0.0,0.0,0.2,0.0,0.0,5.0,0.2,1.0,0.0,0.2,0.0,2,0.2,0.4,0,0.2,0.0,2.0,1.4,0.4,0.5,0.28
136,1.85,9.94,0.6,5.964,0.44,0.2,0.08800000000000001,10.38,5.0,0.2,1.0,0.15,0.2,0.03,2,0.2,0.4,0,0.2,0.0,2.4,7.482,0.4,0.5,1.4964
137,55.57,0.74,0.2,0.14800000000000002,0.0,0.2,0.0,0.74,5.0,0.2,1.0,0.71,0.2,0.142,2,0.2,0.4,0,0.2,0.0,2.0,1.69,0.4,0.5,0.338
138,3.89,0.0,0.2,0.0,0.58,0.2,0.116,0.58,5.0,0.2,1.0,0.0,0.2,0.0,2,0.2,0.4,0,0.2,0.0,2.0,1.516,0.4,0.5,0.3032
139,2.34,3.95,0.6,2.37,0.0,0.2,0.0,0.0,5.5,0.4,2.2,83.96,0.6,50.37600000000001,6,0.2,1.2,1,0.4,0.4,3.8,56.54600000000001,1.6,0.5,45.2368
140,1.85,0.0,0.2,0.0,0.0,0.2,0.0,0.0,5.0,0.2,1.0,0.0,0.2,0.0,4,0.2,0.8,0,0.2,0.0,2.2,1.8,0.8,0.5,0.72
141,2.37,0.51,0.2,0.102,0.0,0.2,0.0,0.51,5.0,0.2,1.0,0.0,0.2,0.0,6,0.2,1.2,0,0.2,0.0,2.4,2.302,1.2,0.5,1.3812
142,59.85,0.0,0.2,0.0,0.0,0.2,0.0,0.0,5.0,0.2,1.0,0.7,0.2,0.14,2,0.2,0.4,0,0.2,0.0,2.0,1.54,0.4,0.5,0.308
143,55.57,1.6,0.4,0.64,0.0,0.2,0.0,1.6,5.0,0.2,1.0,0.0,0.2,0.0,2,0.2,0.4,0,0.2,0.0,2.2,2.04,0.4,0.5,0.408
144,3.89,4.86,0.6,2.9160000000000004,46.78,0.6,28.068,51.64,5.5,0.4,2.2,63.18,0.6,37.908,2,0.2,0.4,0,0.2,0.0,4.4,71.492,0.4,0.5,14.2984
145,55.57,0.0,0.2,0.0,0.0,0.2,0.0,0.0,5.0,0.2,1.0,0.02,0.2,0.004,2,0.2,0.4,0,0.2,0.0,2.0,1.404,0.4,0.5,0.2808
146,1.85,0.17,0.2,0.034,0.11,0.2,0.022,0.28,5.0,0.2,1.0,0.0,0.2,0.0,2,0.2,0.4,0,0.2,0.0,2.0,1.456,0.4,0.5,0.2912
147,2.72,4.53,0.6,2.718,87.93,0.6,52.758,92.46,5.0,0.2,1.0,85.81,0.6,51.486,2,0.2,0.4,0,0.2,0.0,4.0,108.362,0.4,0.5,21.6724
148,3.89,3.98,0.6,2.388,0.99,0.2,0.198,4.97,5.0,0.2,1.0,1.93,0.2,0.386,2,0.2,0.4,0,0.2,0.0,2.4,4.372,0.4,0.5,0.8744
149,3.41,1.21,0.4,0.484,0.0,0.2,0.0,1.21,5.0,0.2,1.0,0.0,0.2,0.0,2,0.2,0.4,0,0.2,0.0,2.2,1.884,0.4,0.5,0.3768
150,3.41,1.98,0.4,0.792,67.91,0.6,40.746,69.89,5.5,0.4,2.2,18.79,0.6,11.274,2,0.2,0.4,1,0.4,0.4,4.4,55.812,0.8,0.5,22.3248
151,55.57,0.24,0.2,0.048,0.04,0.2,0.008,0.28,5.0,0.2,1.0,0.0,0.2,0.0,2,0.2,0.4,0,0.2,0.0,2.0,1.456,0.4,0.5,0.2912
152,2.72,4.97,0.6,2.982,42.19,0.6,25.314,47.16,5.5,0.4,2.2,45.37,0.6,27.222,2,0.2,0.4,0,0.2,0.0,4.4,58.118,0.4,0.5,11.6236
153,2.72,5.68,0.6,3.408,67.38,0.6,40.428,73.06,5.0,0.2,1.0,86.7,0.6,52.02,2,0.2,0.4,1,0.4,0.4,4.2,97.656,0.8,0.5,39.0624
154,55.57,0.24,0.2,0.048,0.0,0.2,0.0,0.24,5.0,0.2,1.0,0.0,0.2,0.0,2,0.2,0.4,0,0.2,0.0,2.0,1.4480000000000002,0.4,0.5,0.2896
155,21.61,0.67,0.2,0.134,0.75,0.2,0.15,1.42,5.0,0.2,1.0,0.39,0.2,0.078,2,0.2,0.4,0,0.2,0.0,2.0,1.7619999999999998,0.4,0.5,0.3524
156,55.57,0.0,0.2,0.0,0.0,0.2,0.0,0.0,5.0,0.2,1.0,0.0,0.2,0.0,2,0.2,0.4,0,0.2,0.0,2.0,1.4,0.4,0.5,0.28
157,1.85,1.04,0.4,0.416,0.91,0.2,0.182,1.95,5.0,0.2,1.0,0.37,0.2,0.07400000000000001,2,0.2,0.4,0,0.2,0.0,2.2,2.072,0.4,0.5,0.4144
158,1.99,1.27,0.4,0.508,0.0,0.2,0.0,1.27,5.0,0.2,1.0,2.77,0.2,0.5539999999999999,2,0.2,0.4,0,0.2,0.0,2.2,2.462,0.4,0.5,0.4924
159,3.89,0.51,0.2,0.102,0.23,0.2,0.046,0.74,5.0,0.2,1.0,0.0,0.2,0.0,2,0.2,0.4,0,0.2,0.0,2.0,1.548,0.4,0.5,0.3096
160,55.57,0.31,0.2,0.062,0.0015,0.2,0.0003,0.3115,5.0,0.2,1.0,0.0,0.2,0.0,2,0.2,0.4,0,0.2,0.0,2.0,1.4623,0.4,0.5,0.29246
161,55.57,0.0,0.2,0.0,0.0,0.2,0.0,0.0,5.0,0.2,1.0,0.0,0.2,0.0,2,0.2,0.4,0,0.2,0.0,2.0,1.4,0.4,0.5,0.28
162,3.41,1.44,0.4,0.5760000000000001,29.25,0.6,17.55,30.69,5.0,0.2,1.0,35.13,0.6,21.078000000000007,2,0.2,0.4,0,0.2,0.0,3.8,40.604,0.4,0.5,8.1208
163,55.57,0.0,0.2,0.0,0.0,0.2,0.0,0.0,5.0,0.2,1.0,0.0,0.2,0.0,6,0.2,1.2,0,0.2,0.0,2.4,2.2,1.2,0.5,1.32
164,59.85,0.15,0.2,0.03,0.0,0.2,0.0,0.15,5.0,0.2,1.0,0.0,0.2,0.0,2,0.2,0.4,0,0.2,0.0,2.0,1.43,0.4,0.5,0.28600000000000003
165,55.57,0.51,0.2,0.102,0.37,0.2,0.07400000000000001,0.88,5.0,0.2,1.0,0.0,0.2,0.0,2,0.2,0.4,0,0.2,0.0,2.0,1.5759999999999998,0.4,0.5,0.3152
166,55.57,0.26,0.2,0.052000000000000005,0.21,0.2,0.042,0.47,5.0,0.2,1.0,0.05,0.2,0.01,2,0.2,0.4,0,0.2,0.0,2.0,1.504,0.4,0.5,0.3008
167,55.57,0.49,0.2,0.098,0.0,0.2,0.0,0.49,5.0,0.2,1.0,0.0,0.2,0.0,2,0.2,0.4,0,0.2,0.0,2.0,1.4980000000000002,0.4,0.5,0.2996
168,59.85,0.2,0.2,0.04,0.28,0.2,0.056,0.48,5.0,0.2,1.0,0.0,0.2,0.0,2,0.2,0.4,0,0.2,0.0,2.0,1.496,0.4,0.5,0.2992
169,3.41,1.52,0.4,0.608,37.33,0.6,22.398000000000003,38.85,5.5,0.4,2.2,63.7,0.6,38.22,2,0.2,0.4,0,0.2,0.0,4.2,63.826,0.4,0.5,12.7652
170,1.99,0.93,0.2,0.18600000000000005,0.0,0.2,0.0,0.93,5.0,0.2,1.0,0.11,0.2,0.022,2,0.2,0.4,0,0.2,0.0,2.0,1.608,0.4,0.5,0.3216
171,3.89,0.0,0.2,0.0,0.84,0.2,0.168,0.84,5.0,0.2,1.0,0.006999999999999999,0.2,0.0014,2,0.2,0.4,0,0.2,0.0,2.0,1.5694,0.4,0.5,0.31388
172,3.41,1.07,0.4,0.428,0.0,0.2,0.0,1.07,5.0,0.2,1.0,0.0,0.2,0.0,6,0.2,1.2,0,0.2,0.0,2.6,2.628,1.2,0.5,1.5768
173,55.57,0.0,0.2,0.0,2.99,0.6,1.794,2.99,5.0,0.2,1.0,0.06,0.2,0.012,2,0.2,0.4,0,0.2,0.0,3.2,3.2060000000000004,0.4,0.5,0.6412
174,3.41,1.07,0.4,0.428,0.0,0.2,0.0,1.07,5.0,0.2,1.0,10.02,0.6,6.0120000000000005,2,0.2,0.4,0,0.2,0.0,2.6,7.84,0.4,0.5,1.568
175,1.85,5.0,0.6,3.0,0.54,0.2,0.108,5.54,5.0,0.2,1.0,0.0,0.2,0.0,2,0.2,0.4,0,0.2,0.0,2.4,4.508,0.4,0.5,0.9016
176,1.85,0.26,0.2,0.052000000000000005,0.0,0.2,0.0,0.26,5.0,0.2,1.0,0.0,0.2,0.0,2,0.2,0.4,0,0.2,0.0,2.0,1.452,0.4,0.5,0.2904
177,3.41,12.54,0.6,7.524,31.62,0.6,18.972,44.16,5.0,0.2,1.0,54.07,0.6,32.442,2,0.2,0.4,0,0.2,0.0,4.0,60.338,0.4,0.5,12.0676
178,3.41,0.43,0.2,0.086,0.0,0.2,0.0,0.43,5.0,0.2,1.0,0.0,0.2,0.0,2,0.2,0.4,0,0.2,0.0,2.0,1.486,0.4,0.5,0.2972
179,1.99,57.03,0.6,34.218,134.33,0.6,80.598,191.36,5.0,0.2,1.0,844.37,0.6,506.622,2,0.2,0.4,0,0.2,0.0,4.0,622.8380000000002,0.4,0.5,124.5676
180,55.57,1.26,0.4,0.504,1.58,0.4,0.632,2.84,5.0,0.2,1.0,6.5,0.4,2.6,2,0.2,0.4,0,0.2,0.0,3.0,5.136,0.4,0.5,1.0272
181,2.37,2.6,0.6,1.56,1.14,0.4,0.456,3.74,5.0,0.2,1.0,8.76,0.4,3.504,2,0.2,0.4,1,0.4,0.4,3.4,7.32,0.8,0.5,2.928
182,55.57,0.47,0.2,0.094,0.46,0.2,0.092,0.93,5.0,0.2,1.0,0.42,0.2,0.084,2,0.2,0.4,0,0.2,0.0,2.0,1.67,0.4,0.5,0.334
183,1.85,3.74,0.6,2.244,0.55,0.2,0.11,4.29,5.0,0.2,1.0,0.0,0.2,0.0,2,0.2,0.4,0,0.2,0.0,2.4,3.754,0.4,0.5,0.7508
184,2.72,0.0,0.2,0.0,0.0,0.2,0.0,0.0,5.0,0.2,1.0,30.85,0.6,18.51,2,0.2,0.4,0,0.2,0.0,2.4,19.91,0.4,0.5,3.982
185,55.57,0.3,0.2,0.06,0.0023,0.2,0.00046,0.3023,5.0,0.2,1.0,0.0,0.2,0.0,2,0.2,0.4,0,0.2,0.0,2.0,1.46046,0.4,0.5,0.292092
186,55.57,0.4,0.2,0.08,0.0025,0.2,0.0005,0.4025,5.0,0.2,1.0,0.0,0.2,0.0,2,0.2,0.4,0,0.2,0.0,2.0,1.4805,0.4,0.5,0.2961
187,1.99,1.26,0.4,0.504,0.0,0.2,0.0,1.26,5.0,0.2,1.0,0.0,0.2,0.0,2,0.2,0.4,0,0.2,0.0,2.2,1.904,0.4,0.5,0.3808
188,3.41,4.25,0.6,2.55,45.51,0.6,27.306,49.76,5.5,0.4,2.2,8.2,0.4,3.28,2,0.2,0.4,0,0.2,0.0,4.2,35.736,0.4,0.5,7.1472
189,55.57,0.92,0.2,0.184,0.0,0.2,0.0,0.92,5.0,0.2,1.0,0.0,0.2,0.0,2,0.2,0.4,0,0.2,0.0,2.0,1.584,0.4,0.5,0.3168
190,55.57,0.28,0.2,0.056,0.25,0.2,0.05,0.53,5.0,0.2,1.0,0.0,0.2,0.0,2,0.2,0.4,0,0.2,0.0,2.0,1.506,0.4,0.5,0.3012
191,2.37,7.59,0.6,4.5539999999999985,1.47,0.4,0.588,9.06,5.5,0.4,2.2,36.29,0.6,21.774,6,0.2,1.2,0,0.2,0.0,4.2,30.316,1.2,0.5,18.1896
192,55.57,0.7,0.2,0.14,0.19,0.2,0.038,0.89,5.0,0.2,1.0,0.0,0.2,0.0,2,0.2,0.4,0,0.2,0.0,2.0,1.578,0.4,0.5,0.3156
193,55.57,1.06,0.4,0.424,0.63,0.2,0.126,1.69,5.0,0.2,1.0,0.9,0.2,0.18,6,0.2,1.2,0,0.2,0.0,2.6,2.93,1.2,0.5,1.758
194,59.85,0.0,0.2,0.0,0.22,0.2,0.044,0.22,5.0,0.2,1.0,0.0,0.2,0.0,2,0.2,0.4,0,0.2,0.0,2.0,1.444,0.4,0.5,0.2888
195,1.99,0.86,0.2,0.172,0.0,0.2,0.0,0.86,5.0,0.2,1.0,0.0,0.2,0.0,6,0.2,1.2,0,0.2,0.0,2.4,2.372,1.2,0.5,1.4232
196,55.57,0.6,0.2,0.12,0.0,0.2,0.0,0.6,5.0,0.2,1.0,0.0,0.2,0.0,2,0.2,0.4,0,0.2,0.0,2.0,1.52,0.4,0.5,0.304
197,59.85,0.42,0.2,0.084,0.0,0.2,0.0,0.42,5.0,0.2,1.0,0.0,0.2,0.0,4,0.2,0.8,0,0.2,0.0,2.2,1.884,0.8,0.5,0.7536
198,55.57,0.0006,0.2,0.00012,1.11,0.4,0.444,1.1106,5.0,0.2,1.0,0.0,0.2,0.0,6,0.2,1.2,0,0.2,0.0,3.0,2.64412,1.2,0.5,1.586472
199,3.89,0.0,0.2,0.0,0.06,0.2,0.012,0.06,5.0,0.2,1.0,0.0,0.2,0.0,2,0.2,0.4,0,0.2,0.0,2.0,1.412,0.4,0.5,0.2824
200,3.89,0.0,0.2,0.0,0.23,0.2,0.046,0.23,5.0,0.2,1.0,0.0,0.2,0.0,2,0.2,0.4,0,0.2,0.0,2.0,1.446,0.4,0.5,0.2892